{
    "loss": 2.1787500381469727,
    "accuracy": 0.818965494632721
}