{
    "loss": 0.6427105665206909,
    "accuracy": 0.9482758641242981
}