{
    "loss": 0.8367637991905212,
    "accuracy": 0.9396551847457886
}